id,username,avatar
1,Sanford93,https://s3.amazonaws.com/uifaces/faces/twitter/craigelimeliah/128.jpg
2,Shawn.Ankunding85,https://s3.amazonaws.com/uifaces/faces/twitter/wearesavas/128.jpg
3,Rowena_Toy17,https://s3.amazonaws.com/uifaces/faces/twitter/allthingssmitty/128.jpg
4,Ardith16,https://s3.amazonaws.com/uifaces/faces/twitter/heycamtaylor/128.jpg
5,Edwina.Abshire1,https://s3.amazonaws.com/uifaces/faces/twitter/trubeatto/128.jpg
6,Davin_Monahan,https://s3.amazonaws.com/uifaces/faces/twitter/dutchnadia/128.jpg
7,Florence.McKenzie3,https://s3.amazonaws.com/uifaces/faces/twitter/buleswapnil/128.jpg
8,Dee_Weber61,https://s3.amazonaws.com/uifaces/faces/twitter/BenouarradeM/128.jpg
9,Gerald.Schumm,https://s3.amazonaws.com/uifaces/faces/twitter/jordyvdboom/128.jpg
10,Crawford_Treutel,https://s3.amazonaws.com/uifaces/faces/twitter/areandacom/128.jpg
11,Ben.Hagenes,https://s3.amazonaws.com/uifaces/faces/twitter/teddyzetterlund/128.jpg
12,Keshaun.Bergstrom11,https://s3.amazonaws.com/uifaces/faces/twitter/instalox/128.jpg
13,Anjali4,https://s3.amazonaws.com/uifaces/faces/twitter/rehatkathuria/128.jpg
14,Breanna_Rath,https://s3.amazonaws.com/uifaces/faces/twitter/johannesneu/128.jpg
15,Enrico.Sauer57,https://s3.amazonaws.com/uifaces/faces/twitter/bruno_mart/128.jpg
16,Ellsworth_Borer5,https://s3.amazonaws.com/uifaces/faces/twitter/Skyhartman/128.jpg
17,Imelda.Thompson,https://s3.amazonaws.com/uifaces/faces/twitter/taylorling/128.jpg
18,Chanel.Rolfson,https://s3.amazonaws.com/uifaces/faces/twitter/jffgrdnr/128.jpg
19,Dejon60,https://s3.amazonaws.com/uifaces/faces/twitter/wegotvices/128.jpg
20,Helmer_Quitzon,https://s3.amazonaws.com/uifaces/faces/twitter/Karimmove/128.jpg
21,Talia1,https://s3.amazonaws.com/uifaces/faces/twitter/jamiebrittain/128.jpg
22,Timmothy21,https://s3.amazonaws.com/uifaces/faces/twitter/djsherman/128.jpg
23,Joaquin_Dooley86,https://s3.amazonaws.com/uifaces/faces/twitter/herbigt/128.jpg
24,Travon.Olson,https://s3.amazonaws.com/uifaces/faces/twitter/bartjo/128.jpg
25,Ike0,https://s3.amazonaws.com/uifaces/faces/twitter/kazaky999/128.jpg
26,Winifred11,https://s3.amazonaws.com/uifaces/faces/twitter/sgaurav_baghel/128.jpg
27,Freda18,https://s3.amazonaws.com/uifaces/faces/twitter/jeremery/128.jpg
28,Sheila.Emmerich,https://s3.amazonaws.com/uifaces/faces/twitter/imammuht/128.jpg
29,Emelie_Schowalter42,https://s3.amazonaws.com/uifaces/faces/twitter/depaulawagner/128.jpg
30,Maximus94,https://s3.amazonaws.com/uifaces/faces/twitter/jlsolerdeltoro/128.jpg
31,Lura56,https://s3.amazonaws.com/uifaces/faces/twitter/sharvin/128.jpg
32,Gust_Denesik52,https://s3.amazonaws.com/uifaces/faces/twitter/nicollerich/128.jpg
33,Kraig_Buckridge7,https://s3.amazonaws.com/uifaces/faces/twitter/artd_sign/128.jpg
34,Stuart_Schowalter25,https://s3.amazonaws.com/uifaces/faces/twitter/leehambley/128.jpg
35,Al6,https://s3.amazonaws.com/uifaces/faces/twitter/nelsonjoyce/128.jpg
36,Roberta63,https://s3.amazonaws.com/uifaces/faces/twitter/jghyllebert/128.jpg
37,Tessie.Flatley,https://s3.amazonaws.com/uifaces/faces/twitter/dutchnadia/128.jpg
38,Dayna_Rempel,https://s3.amazonaws.com/uifaces/faces/twitter/ajaxy_ru/128.jpg
39,Talia.Braun,https://s3.amazonaws.com/uifaces/faces/twitter/maz/128.jpg
40,Houston.OKon81,https://s3.amazonaws.com/uifaces/faces/twitter/kurtinc/128.jpg
41,Coy_Lang,https://s3.amazonaws.com/uifaces/faces/twitter/anoff/128.jpg
42,Desiree.Flatley,https://s3.amazonaws.com/uifaces/faces/twitter/chrisstumph/128.jpg
43,Kurtis10,https://s3.amazonaws.com/uifaces/faces/twitter/BillSKenney/128.jpg
44,Ernestine24,https://s3.amazonaws.com/uifaces/faces/twitter/ifarafonow/128.jpg
45,Dalton.Stokes85,https://s3.amazonaws.com/uifaces/faces/twitter/kudretkeskin/128.jpg
46,Haven_Kertzmann18,https://s3.amazonaws.com/uifaces/faces/twitter/sachingawas/128.jpg
47,Toni.Zieme,https://s3.amazonaws.com/uifaces/faces/twitter/vitorleal/128.jpg
48,Monte_Kub,https://s3.amazonaws.com/uifaces/faces/twitter/michalhron/128.jpg
49,Leon50,https://s3.amazonaws.com/uifaces/faces/twitter/aviddayentonbay/128.jpg
50,Ernie_Murphy74,https://s3.amazonaws.com/uifaces/faces/twitter/geneseleznev/128.jpg
